QTY,Name,Type,URL
3,雷吉铎拉戈V,Pokémon,https://tcg.mik.moe/static/img/CS6.5C/054.png
3,雷吉铎拉戈VSTAR,Pokémon,https://tcg.mik.moe/static/img/CS6.5C/055.png
3,厄诡椪 碧草面具ex,Pokémon,https://tcg.mik.moe/static/img/CSV8C/028.png
1,多龙巴鲁托ex,Pokémon,https://tcg.mik.moe/static/img/CSV8C/159.png
1,光辉喷火龙,Pokémon,https://tcg.mik.moe/static/img/CS5.5C/007.png
1,吉雉鸡ex,Pokémon,https://tcg.mik.moe/static/img/CSV8C/135.png
1,梦幻ex,Pokémon,https://tcg.mik.moe/static/img/151C/151.png
1,怒鹦哥ex,Pokémon,https://tcg.mik.moe/static/img/CSV2C/105.png
1,皮宝宝,Pokémon,https://tcg.mik.moe/static/img/CSV4C/044.png
1,骑拉帝纳VSTAR,Pokémon,https://tcg.mik.moe/static/img/CS6bC/108.png
1,酋雷姆,Pokémon,https://tcg.mik.moe/static/img/CSV9C/147.png
1,摔角鹰人,Pokémon,https://tcg.mik.moe/static/img/CSV1C/079.png
1,洗翠 黏美龙VSTAR,Pokémon,https://tcg.mik.moe/static/img/CS5.5C/053.png
4,博士的研究,Trainer,https://tcg.mik.moe/static/img/CSV1C/121.png
3,奇树,Trainer,https://tcg.mik.moe/static/img/CSV3C/123.png
2,老大的指令,Trainer,https://tcg.mik.moe/static/img/CSVH1aC/023.png
4,巢穴球,Trainer,https://tcg.mik.moe/static/img/CSVH1C/043.png
4,大地容器,Trainer,https://tcg.mik.moe/static/img/CSV6C/115.png
4,高级球,Trainer,https://tcg.mik.moe/static/img/CSV1C/112.png
4,能量转移,Trainer,https://tcg.mik.moe/static/img/CSVH1aC/008.png
2,厉害钓竿,Trainer,https://tcg.mik.moe/static/img/CSV1C/109.png
1,宝可梦交替,Trainer,https://tcg.mik.moe/static/img/CSV1C/113.png
1,超级能量回收,Trainer,https://tcg.mik.moe/static/img/CSV3C/115.png
1,顶尖捕捉器,Trainer,https://tcg.mik.moe/static/img/CSV7C/180.png
1,清除古龙水,Trainer,https://tcg.mik.moe/static/img/CS5aC/113.png
1,阻碍之塔,Trainer,https://tcg.mik.moe/static/img/CSV8C/203.png
7,基本草能量,Energy,https://tcg.mik.moe/static/img/CSVE1C/GRA.png
2,基本火能量,Energy,https://tcg.mik.moe/static/img/CSVE1C/FIR.png